n_sub,K,Np,total_dof,h,L2_div_constant,Linf_div_constant,n_regular_nodes,n_bad_or_nan_nodes,detA_error_max_regular,sqrtG_error_max_regular,A_Ainv_err_max_regular,Ainv_numpy_err_max_regular,rate_L2,rate_Linf
1,8,22,176,1.0,0.21041510564777413,0.5655906268117749,176,0,8.881784197001252e-16,1.3322676295501878e-15,2.6645352591003757e-15,1.887379141862766e-15,nan,nan
2,32,22,704,0.5,0.2111992921570712,1.1368933612128873,704,0,1.3322676295501878e-15,1.3322676295501878e-15,1.9984014443252818e-15,1.3322676295501878e-15,-0.005366720389993634,-1.007266821524754
4,128,22,2816,0.25,0.2112736609799175,2.274288446580788,2816,0,1.7763568394002505e-15,1.7763568394002505e-15,4.107825191113079e-15,2.886579864025407e-15,-0.0005079214289515392,-1.0003183038654249
8,512,22,11264,0.125,0.21129080696933775,4.548809106356799,11264,0,1.7763568394002505e-15,2.220446049250313e-15,1.9984014443252818e-15,1.4432899320127035e-15,-0.00011707768067351976,-1.0000736503486314
16,2048,22,45056,0.0625,0.21129508420051868,9.097734057702032,45056,0,1.7763568394002505e-15,2.220446049250313e-15,8.215650382226158e-15,5.773159728050814e-15,-2.9204667465794627e-05,-1.0000183705143866
