nx,ny,K_tri,h,hmin,Np,total_dof,tf_target,tf,reached_tf,cfl,dt_nominal,nsteps,L2_error,Linf_error,L2_error_at_stop,Linf_error_at_stop,elapsed_sec,projection_enabled,projection_mode,projection_frequency,q_boundary_correction_kind,q_boundary_correction_mode,rate_L2,rate_Linf
1,1,2,1.0,0.7071067811865475,22,44,6.283185307179586,6.283185307179586,True,1.0,0.031249999999999997,202,0.004018951342656538,0.015261160303624233,0.004018951342656538,0.015261160303624233,0.5537555999762844,True,post,step,none,inflow,nan,nan
2,2,8,0.5,0.35355339059327373,22,176,6.283185307179586,6.283185307179586,True,1.0,0.015624999999999998,403,0.00030552524658360506,0.0018634323557220611,0.00030552524658360506,0.0018634323557220611,0.14687369999592192,True,post,step,none,inflow,3.7174556059805,3.0338303002234874
4,4,32,0.25,0.17677669529663687,22,704,6.283185307179586,6.283185307179586,True,1.0,0.007812499999999999,805,1.7570621531070984e-05,0.00011272307243642699,1.7570621531070984e-05,0.00011272307243642699,0.3406173000112176,True,post,step,none,inflow,4.12005446947363,4.047107703657827
8,8,128,0.125,0.08838834764831843,22,2816,6.283185307179586,6.283185307179586,True,1.0,0.0039062499999999996,1609,9.477528711244596e-07,5.4542340021668245e-06,9.477528711244596e-07,5.4542340021668245e-06,1.1261714000138454,True,post,step,none,inflow,4.212510493019101,4.369262432582691
16,16,512,0.0625,0.044194173824159216,22,11264,6.283185307179586,6.283185307179586,True,1.0,0.0019531249999999998,3217,5.3095030555112415e-08,2.3901417078864284e-07,5.3095030555112415e-08,2.3901417078864284e-07,7.196614599990426,True,post,step,none,inflow,4.157862178908666,4.512208536244474
