nx,ny,K_tri,h,hmin,Np,total_dof,tf_target,tf,reached_tf,cfl,dt_nominal,nsteps,L2_error,Linf_error,L2_error_at_stop,Linf_error_at_stop,elapsed_sec,projection_enabled,projection_mode,projection_frequency,surface_inverse_mass_mode,q_boundary_correction_kind,q_boundary_correction_mode,rate_L2,rate_Linf
1,1,2,1.0,0.7071067811865475,22,44,6.283185307179586,6.283185307179586,True,1.0,0.031249999999999997,202,0.0033659878766647724,0.010778184748908348,0.0033659878766647724,0.010778184748908348,0.33413569998811,False,post,step,projected,sinx_rk_stage,inflow,nan,nan
2,2,8,0.5,0.35355339059327373,22,176,6.283185307179586,6.283185307179586,True,1.0,0.015624999999999998,403,0.0002071939986256176,0.0011498740249913375,0.0002071939986256176,0.0011498740249913375,0.5497933000151534,False,post,step,projected,sinx_rk_stage,inflow,4.021975859419246,3.228566501511837
4,4,32,0.25,0.17677669529663687,22,704,6.283185307179586,6.283185307179586,True,1.0,0.007812499999999999,805,8.11330601813118e-06,6.08061357247891e-05,8.11330601813118e-06,6.08061357247891e-05,1.240601900004549,False,post,step,projected,sinx_rk_stage,inflow,4.67454850066037,4.241115096349171
8,8,128,0.125,0.08838834764831843,22,2816,6.283185307179586,6.283185307179586,True,1.0,0.0039062499999999996,1609,2.9127511911300725e-07,2.2830450858851714e-06,2.9127511911300725e-07,2.2830450858851714e-06,3.927575900015654,False,post,step,projected,sinx_rk_stage,inflow,4.799835529060798,4.735185652600197
16,16,512,0.0625,0.044194173824159216,22,11264,6.283185307179586,6.283185307179586,True,1.0,0.0019531249999999998,3217,1.050827981957129e-08,7.453715951399875e-08,1.050827981957129e-08,7.453715951399875e-08,24.148032500001136,False,post,step,projected,sinx_rk_stage,inflow,4.792784042915688,4.936855698728153
32,32,2048,0.03125,0.022097086912079608,22,45056,6.283185307179586,6.283185307179586,True,1.0,0.0009765624999999999,6434,4.259997050612708e-10,2.448597519189022e-09,4.259997050612708e-10,2.448597519189022e-09,283.9508187000174,False,post,step,projected,sinx_rk_stage,inflow,4.624530281044741,4.9279322815603654
