nx,ny,K_tri,h,hmin,Np,total_dof,tf_target,tf,reached_tf,cfl,dt_nominal,nsteps,L2_error,Linf_error,L2_error_at_stop,Linf_error_at_stop,elapsed_sec,projection_enabled,projection_mode,projection_frequency,surface_inverse_mass_mode,q_boundary_correction_kind,q_boundary_correction_mode,rate_L2,rate_Linf
1,1,2,1.0,0.7071067811865475,22,44,6.283185307179586,6.283185307179586,True,1.0,0.031249999999999997,202,0.012464800935503175,0.061014130417050394,0.012464800935503175,0.061014130417050394,0.4392948000167962,False,post,step,diagonal,sinx_rk_stage,inflow,nan,nan
2,2,8,0.5,0.35355339059327373,22,176,6.283185307179586,6.283185307179586,True,1.0,0.015624999999999998,403,0.0053613388667007236,0.03726726788065593,0.0053613388667007236,0.03726726788065593,0.39318819998879917,False,post,step,diagonal,sinx_rk_stage,inflow,1.217194613468286,0.7112343419661464
4,4,32,0.25,0.17677669529663687,22,704,6.283185307179586,6.283185307179586,True,1.0,0.007812499999999999,805,0.04183761077052044,0.9575375666574713,0.04183761077052044,0.9575375666574713,0.9130165999813471,False,post,step,diagonal,sinx_rk_stage,inflow,-2.9641352361226594,-4.683348126861564
8,8,128,0.125,0.08838834764831843,22,2816,6.283185307179586,1.4257812499999998,False,1.0,0.0039062499999999996,365,nan,nan,30.63815922285364,1001.2171176018778,0.8284540999738965,False,post,step,diagonal,sinx_rk_stage,inflow,nan,nan
16,16,512,0.0625,0.044194173824159216,22,11264,6.283185307179586,0.7382812499999999,False,1.0,0.0019531249999999998,378,nan,nan,79.50186241434683,1027.503127761956,1.405522100016242,False,post,step,diagonal,sinx_rk_stage,inflow,nan,nan
32,32,2048,0.03125,0.022097086912079608,22,45056,6.283185307179586,0.42089843749999994,False,1.0,0.0009765624999999999,431,nan,nan,98.43471957940186,1011.2571697875306,7.726264299999457,False,post,step,diagonal,sinx_rk_stage,inflow,nan,nan
